title,url,time_added,tags,status,content
Linux Survival | Where learning Linux is easy,http://linuxsurvival.com/,1475264739,corsi,unread,
Gilles Deleuze (Stanford Encyclopedia of Philosophy),https://plato.stanford.edu/entries/deleuze/,1524902474,,unread,
"150 lezioni passo passo per imparare a disegnare a mano libera - [arte, str",http://www.buonaidea.it/home_idee_arte_strumenti_111_150-lezioni-passo-passo-per-imparare-a-disegnare-a-mano-libera.aspx,1428394218,,unread,
Friedrich Nietzsche (Stanford Encyclopedia of Philosophy),http://plato.stanford.edu/entries/nietzsche/,1442860042,,unread,
Old Book Illustrations,https://www.oldbookillustrations.com/,1541759680,,unread,
Portal:Current events - Wikipedia,https://en.wikipedia.org/wiki/Portal:Current_events,1722608762,,unread,
Home - The National Archives,http://nationalarchives.gov.uk/,1496695921,,unread,
Home - Design Museum,https://designmuseum.org/#,1634931819,archivi,unread,
JSONLint - The JSON Validator.,http://jsonlint.com/,1455788030,ca|json,unread,
RANDOM.ORG - List Randomizer,https://www.random.org/lists/,1586859095,,unread,
